{"mean": [-920.8855848092347, -18.94975177633103, 4.491295378076367, 1.109922884858393, -0.30136804674407525, -0.21463184231833674, 0.01495678595541828, -0.15098924949338907, -0.0606525160672348, 0.0017848497466389894, -0.011248508056452165, 0.03996276437311432, 0.02693109762696088, -0.025201045496525763, -0.02415161537850251, -0.005684209251597298, 0.0021890770407907824, -0.00452823666486365, -0.001225081174580197], "scale": [515298.4445445603, 1869.5740774834826, 487.6321474987679, 249.9916718698444, 57.653775819447596, 31.22019293991178, 24.70061813467119, 21.96683346748932, 13.140244312707829, 7.388011973873153, 6.396850169299483, 6.158730190713351, 4.815319656927295, 4.530472955663597, 1.7280501097239984, 1.3442471399745237, 0.5536001184071736, 0.41357555859627554, 0.3999127505614988]}